song_url,song_title,song_artist,song_text
https://text-pesenok.ru/t115007365-taro,Таро,Бьянка,"Aa
+
Aa
-
Нет мне места в твоём сердце
Я бы так хотела, но не твоя невеста
Кто бы что не думал о тебе и обо мне
Только бы мне знать, для чего ты нужен мне
Наиграй мне моя гитара
Я и так уже почти пьяная
Я и так сама предсказала на Таро
Ну и вот оно
Наиграй мне моя гитара
Я и так уже почти пьяная
Я и так сама предсказала на Таро
Ну и вот оно
Нет мне места в твоём сердце
Я бы так хотела, но не твоя невеста
Она улыбалась, потому что улыбался он
И заиграл другими нотами её микрофон
Наиграй мне моя гитара
Я и так уже почти пьяная
Я и так сама предсказала на Таро
Ну и вот оно
Наиграй мне моя гитара
Я и так уже почти пьяная
Я и так сама предсказала на Таро
Ну и вот оно
Ей так нравился его нежный тон
Потому что как осень бархатный был он
Искать в Яндекс Музыке
Искать в Apple Music
Искать в YouTube Music
Искать в YouTube
Искать в RuTube"
https://text-pesenok.ru/t115007315-novaya-novogodnyaya,Новая новогодняя,VESNA305,"Aa
+
Aa
-
Гуляй по 31 число
И веселися всем назло
На мне трусы, на тебе шаль
Уходит год, и мне не жаль
Я обязательно напьюсь
И вот опять в тебя влюблюсь
А завтра будет 1 января
И мы с тобой не вспомним ничего
А-а
А там по барам, там
По барам там
По барам пьют вино
А там по барам, там
По барам там
Все счастливы давно
А там по барам, там
По барам там
По барам там, парам
А там по барам, там
По барам там
По барам там, парам
Сердца забьются в унисон
И всё пройдет как страшный сон
Когда услышу бой курант
К тебе подпрыгну как гепард
Там крабовый и оливье
И ты в салатовом белье
А завтра 1 января
Но там уже буду не я
А-а
А там по барам там
По барам там
По барам пьют вино
А там по барам там
По барам там
Все счастливы давно
А там по барам, там
По барам там
По барам там, парам
А там по барам, там
По барам там
По барам там, парам
И пусть будет плохо
Но мы будем в танце
Тут Маха и Леха
Давай обниматься
И дождь будет капать
Бокалы побьются
Тут мама и папа
Поют и смеются
И пусть будет плохо
Но мы будем в танце
Тут Маха и Леха
Давай обниматься
И дождь будет капать
Бокалы побьются
Тут мама и папа
Поют и смеются
А-а-а
А там по барам, там
По барам там
По барам пьют вино
А там по барам, там
По барам там
Все счастливы давно
Искать в Яндекс Музыке
Искать в Apple Music
Искать в YouTube Music
Искать в YouTube
Искать в RuTube"
https://text-pesenok.ru/t115007265-ma-meilleure-ennemie-from-the-arcane-s2,Ma Meilleure Ennemie (from the Arcane S2),"Pomme, Stromae","Aa
+
Aa
-
Je t'aime, je t'attends, je t'aime, je t'attends
Je t'aime, je t'attends, je t'aime, je t'attends
Je t'aime, je t'attends, je t'aime, je t'attends
Je t'aime, je t'attends, je t'aime, je t'attends
T'es la meilleure chose qui m'est arrivée
Mais aussi la pire chose qui m'est arrivée
Ce jour où je t'ai rencontrée, j'aurais peut-être préféré
Que ce jour ne soit jamais arrivé (Arrivé)
La pire des bénédictions
La plus belle des malédictions
De toi, j'devrais m'éloigner
Mais comme dit le dicton :
""Plutôt qu'être seul, mieux vaut être mal accompagné""
Tu sais c'qu'on dit
Sois près d'tes amis les plus chers
Mais aussi
Encore plus près d'tes adversaires
Mais ma meilleure ennemie, c'est toi
Fuis-moi, le pire, c'est toi et moi
Mais si tu cherches encore ma voix
Oublie-moi, le pire, c'est toi et moi
Pourquoi ton prénom me blesse
Quand il se cache juste là dans l'espace ?
C'est quelle émotion, la haine
Ou la douceur, quand j'entends ton prénom ?
Je t'avais dit : ""Ne regarde pas en arrière""
Le passé qui te suit te fait la guerre
Mais ma meilleure ennemie, c'est toi
Fuis-moi, le pire, c'est toi et moi
Mais ma meilleure ennemie, c'est toi
Fuis-moi, le pire, c'est toi et moi
Je t'aime, je t'attends, je t'aime, je t'attends
Je t'aime, je t'attends, je t'aime, je t'attends
Je t'aime, je t'attends, je t'aime, je t'attends
Je t'aime, je t'attends, je t'aime, je t'attends
Je t'aime, je t'attends, je t'aime, je t'attends
Je t'aime, je t'attends, je t'aime, je t'attends
Je t'aime, je t'attends, je t'aime, je t'attends
Je t'aime, je t'attends, je t'aime, je t'attends
[English translation:]
I love you, I'm waiting for you, I love you, I'm waiting for you
I love you, I'm waiting for you, I love you, I'm waiting for you
I love you, I'm waiting for you, I love you, I'm waiting for you
I love you, I'm waiting for you, I love you, I'm waiting for you
You're the best thing to ever happen to me
But also the worst thing to ever happen to me
On that day when I met you, maybe I would rather
That it never happened to me (To me)
The worst of all blessings
The best of all curses
I should stray away from you
But as the saying goes
""Better than alone, is to be in bad company""
You know what they say
Stay close to your dearest friends
But also
Even closer to your adversaries
But my best enemy is you
Flee from me, the worst is you and I
But if you keep searching for my voice
Forget me, the worst is you and I
Why does hearing your name hurt me
When it hides right there in the vicinity?
What kind of emotion, is it hatred
Or pure sweetness when I hear your name?
I had told you, not to keep looking behind
Your past will follow you and wage war on you
But my best enemy is you
Flee from me, the worst is you and I
But my best enemy is you
Flee from me, the worst is you and I
I love you, I'm waiting for you, I love you, I'm waiting for you
I love you, I'm waiting for you, I love you, I'm waiting for you
I love you, I'm waiting for you, I love you, I'm waiting for you
I love you, I'm waiting for you, I love you, I'm waiting for you
I love you, I'm waiting for you, I love you, I'm waiting for you
I love you, I'm waiting for you, I love you, I'm waiting for you
I love you, I'm waiting for you, I love you, I'm waiting for you
I love you, I'm waiting for you, I love you, I'm waiting for you
Искать в Яндекс Музыке
Искать в Apple Music
Искать в YouTube Music
Искать в YouTube
Искать в RuTube"
https://text-pesenok.ru/t115007215-zachem-toptat-moyu-lyubov,Зачем топтать мою любовь,"DJ Nejtrino, JAKONDA, Nikoloz Buzaladze, Гио Пика","Aa
+
Aa
-
Странно, когда ты сходишь с ума
У меня появляется чувство вины
Я тебя понимаю, ведь мне иногда
Тоже снятся страшные сны
Снится, что мне не дожить до весны
Снится, что вовсе весна умерла
Страх во мне оставляет следы
Я думал, что страх - это просто слова
Зачем топтать мою любовь
Её и так почти не стало
Я разбиваю руки в кровь
Я не сошел с ума. Так надо
Hам, наверное, лучше вернуться домой
И лучше не видеться несколько дней
Уходил с одной - возвращаюсь с другой
Мне нужно расстаться с тобою скорей
Мне нужно избавиться, чтобы стать ближе
Чтоб не взрывалась моя голова
Мне нужно понять, что я ненавижу
Я думал, что ненависть - просто слова
Зачем топтать мою любовь
Её и так почти не стало
Я разбиваю руки в кровь
Я не сошел с ума. Так надо
Зачем топтать мою любовь
Её и так почти не стало
Я разбиваю руки в кровь
Я не сошел с ума. Так надо
Искать в Яндекс Музыке
Искать в Apple Music
Искать в YouTube Music
Искать в YouTube
Искать в RuTube"
https://text-pesenok.ru/t115007165-pozvoni,Позвони,"5УТРА, Оксана Почепа (Акула)","Aa
+
Aa
-
Позвони, расскажи как ты без меня?
Милый мой, мальчик мой, как твои дела?
Позвони, расскажи как ты без меня?
Милый мой, мальчик мой, как твои дела?
Позвони, расскажи как ты без меня?
Милый мой, мальчик мой, как твои дела?
Позвони, расскажи как ты без меня?
Милый мой, мальчик мой, как твои дела?
Не провожай меня
Я буду плакать одна без тебя
Не провожай меня
Я буду ждать твоего звонка
Я не хочу, чтоб ты увидел
Море моих слёз, буду скучать
Я буду вспоминать тебя
Под стук колёс
Позвони, расскажи как ты без меня?
Милый мой, мальчик мой, как твои дела?
Позвони, расскажи как ты без меня?
Милый мой, мальчик мой, как твои дела?
Позвони, расскажи как ты без меня?
Милый мой, мальчик мой, как твои дела?
Позвони, расскажи как ты без меня?
Милый мой, мальчик мой, как твои дела?
Как мои дела без тебя, ты знаешь
Надеюсь, ты как я, тоже скучаешь
Без тебя так грустно и одиноко
И я звоню, звоню...
Из твоих окон
Не видно вновь меня, прости
Я где-то далеко
Но ты звони, звони...
Позвони, расскажи как ты без меня?
Милый мой, мальчик мой, как твои дела?
Позвони, расскажи как ты без меня?
Милый мой мальчик...
Позвони, расскажи как ты без меня?
Милый мой, мальчик мой, как твои дела?
Позвони, расскажи как ты без меня?
Милый мой, мальчик мой, как твои дела?
Позвони, расскажи как ты без меня?
Милый мой, мальчик мой, как твои дела?
Позвони, расскажи как ты без меня?
Милый мой, мальчик мой, как твои дела?
Искать в Яндекс Музыке
Искать в Apple Music
Искать в YouTube Music
Искать в YouTube
Искать в RuTube"
https://text-pesenok.ru/t115007115-donchich-43-yokich,Дончич + Йокич,"MAYOT, OG Buda","Aa
+
Aa
-
Revv, what do you mean?
Ayy, DIsshhhh, е-е
Ай
А
D-D-DJ Chuk
Белый, делаю покруче чёрных — я Никола Йокич (Фью)
Моя сука тоже щас селеба — она как Мила Йовович
Закрытыми глазами трёшка — я как Лука Дончич
Уже который год в основе, бля, я как Лука Модрич
И знай, мы трахаем малышек, на которых дрочишь
Да, тех самых сук, которым на story ставишь огонёчек
Попробуй, отмени меня, белый, у тебя нет полномочий
Я не делаю мимо, у микро всегда сосредоточен, bitch
Хорваты, нет, мои братья Чехи
Я трачу на благо, белый, взгляни на мои чеки (Благо)
Я просто над вами, ответ на вопрос «под чем мы?»
За мной будущее, а твой челик, как кочевник
Ай, ай, бэйби — ангел, хочет демона
М-м, м-м, будет сделано, и мне нет дела
То, что её тело было сделано
Ей понравилась тема, теперь хочет чтобы спела нам
Эти рэперы — сучки, пускают делают ножницы
MAYOT и Buda — тождество, каждый день, как торжество
Мой альбом стреляет, будто держит ствол
Делаю заслон, делаю строго, у тебя все хуево со словом
Эй, угу, педали дорогие, боюсь выгуливать их, но у меня нет других
Эй, угу, с лёгкой руки, эй, у меня появились ноги, мне не надо ходить
Рэперы косят под кого-то, а я не кошу, оставлю, пускай дорастёт, дымом дышу
И моё пламя, как костёр, конкурентов нет, я всех размазал и растер
Даже не знаю, чё стелить то, как разьебал Тёмыч
Ты не прошёл тест на прочность, если позовёшь на помощь
Могу забыть про концерт, прошу Кирюху Curry: «Напомнишь?»
Неловко, во время секса она такая: «Ты чё, меня не помнишь?»
Потом пиздец неловко в гримерке, делает вид, что мы незнакомы
Ну ещё бы, Кристина если спалит, убьёт меня, ёпт
Мы семья, мы все лояльны, MAYOT умрёт за меня, ёпты
Я пойду и грохну Кендрика, если Дриззи зашлёт мне нокты, е-е
Белый, делаю покруче чёрных — я Никола Йокич (Фью)
Моя сука тоже щас селеба — она как Мила Йовович
Закрытыми глазами трёшка — я как Лука Дончич
Уже который год в основе, бля, я как Лука Модрич
И знай, мы трахаем малышек, на которых дрочишь
Да, тех самых сук, которым на story ставишь огонёчек
Попробуй, отмени меня, белый, у тебя нет полномочий
Я не делаю мимо, у микро всегда сосредоточен, bitch
Даже не знаю, чё стелить то, как разъебал Тёмыч
Но вроде сделал тоже мощно
Я знаю, что ты так не можешь
Но я знаю, пиздец, как хочешь
Искать в Яндекс Музыке
Искать в Apple Music
Искать в YouTube Music
Искать в YouTube
Искать в RuTube"
https://text-pesenok.ru/t115007065-keep-up,KEEP UP,Odetari,"Aa
+
Aa
-
[Intro]
('Tari, get over here)
[Chorus]
Keep up, I'm too fa-ast, I'm too fa-a-ast
Push my foot up on that pedal, then I'm gone
(G-g-g-gone, g-g-gone, gone)
Keep up on my track, on my track
Boy, I'll dust ya, keep my numbers going strong
(Strong, strong, str-str-str-strong)
[Verse 1]
Let's start the war, I love it when it's like that
G-go ahead, I'll get ya right back
I-I-I love it when you fight back
I'm up, so, where yo' flight at?
N-n-no (Oh no, now don't get frozen)
L-l-lightspeed to all who's chosen
[Chorus]
Keep up, I'm too fa-ast, I'm too fa-a-ast
Push my foot up on that pedal, then I'm gone
(G-g-g-gone, g-g-gone, gone)
Keep up on my track, on my track
Boy, I'll dust ya, keep my numbers going strong
(Strong, strong, str-str-str-strong; g-g-g-g-grand slam)
[Verse 2]
Uppercut, have him looking silly
Dripping from the sweat like a bidet (Grand slam)
Everybody here get busy, everybody here get busy
Give me everything you took from me
(Give me everything you took from me)
[Chorus]
Keep up, I'm too fa-ast, I'm too fa-a-ast
Push my foot up on that pedal, then I'm gone
(G-g-g-gone, g-g-gone, gone)
Keep up on my track, on my track
Boy, I dust ya, keep my numbers going strong
(Strong, strong, str-str-str-strong; Gran—)
[Bridge]
What's in my coat? Bitch, I'm rockin' chinchilla
Nah, bitch, I ain't a drug dealer
Makin' money while I sleep
Makin' money while I eat, my stomach so filled up
Buy me somethin' everyday, buy her somethin' every week
I don't know what's gon' fit her
Either way, they know I'm not cheap
Ain't shit up in this world that's free
But my bank still filled up
[Chorus]
Fa-ast, I'm too fast
Push my foot up on that pedal, then I'm gone
(G-g-g-gone, g-g-gone, gone)
Keep up on my track, on my track
Boy, I dust ya, keep my numbers going strong
(Strong, strong, str-str-str-strong)
Искать в Яндекс Музыке
Искать в Apple Music
Искать в YouTube Music
Искать в YouTube
Искать в RuTube"
https://text-pesenok.ru/t115007014-ne-otpuskay,Не отпускай,Свят,"Aa
+
Aa
-
Ну давай
В объятья мои со всей силы ныряй
И за дни что мы были не вместе ругай
Ну че ты стоишь? Мое сердце твое забирай,
Но не отпускай
Ну давай
В объятья мои со всей силы ныряй
И за дни что мы были не вместе ругай
Ну че ты стоишь? Мое сердце твое забирай,
Но не отпускай
Пока другие ищут счастье на фоне суеты
Я свое нашел – оно выглядит, как ты
Счастье – это переждать вдвоем, когда дожди
Неожиданно настигли нас на полпути
Счастье с полуслова понимать что хочешь ты
И когда не нужно говорить «не уходи»
Наверно кто-то скажет, счастье любит тишину
Но только не мое, я о своем кричу
Я тебя найду
И без колебания, стану тебе преданным, плевать на расстояния
Крепко обниму и все наши страдания останутся навечно только в зале ожидания
Скорей беги ты ко мне навстречу
Дай бог, получится провести вечность с тобой, только с тобой
Ну давай
В объятья мои со всей силы ныряй
И за дни что мы были не вместе ругай
Ну че ты стоишь? Мое сердце твое забирай,
Но не отпускай
Давай
В объятья мои со всей силы ныряй
И за дни что мы были не вместе ругай
Ну че ты стоишь? Мое сердце твое забирай,
Но не отпускай
Искать в Яндекс Музыке
Искать в Apple Music
Искать в YouTube Music
Искать в YouTube
Искать в RuTube"
https://text-pesenok.ru/t115006909-hochu-byt-zvezdoy,Хочу быть звездой,Мари Краймбрери,"Aa
+
Aa
-
Стоп
Жизнь — это иллюзия без тормозов
Как всё успеть?
Моё сердце любит пожить без мозгов
Чтобы после было что спеть
Надену беж, войду в новый рубеж без принтов
Без логомании прошлого
Столько надежд подаю, состоя из бинтов
Значит во мне больше хорошего
Я хочу быть звездой
Чтобы когда падала
Все вокруг загадывали желания
Я хочу быть звездой
Чтобы сильно радовать
Чтобы люди стерли все переживания
Стоп
Жизнь — это понять, что твой главный успех
Не побеждать
Чтобы даже в чёрном сиять ярче всех
Мне пришлось многое переждать
Столько обид быть могло
Но мне лень их кормить
Слишком затратно, мы временны
Я живу так, чтоб потом никого не винить
Что лучшие годы потеряны
Падают по случайности, остаются на дне по глупости
Расцветает только то, что ежедневно поливаешь водой
Ни у кого теперь не получится лишить меня главной мудрости
Я должна лишь себе — всегда быть счастливой и молодой
Я хочу быть звездой
Чтобы когда падала
Все вокруг загадывали желания
Я хочу быть звездой
Чтобы сильно радовать
Чтобы люди стерли все переживания
Я хочу быть звездой
Чтобы когда падала
Все вокруг загадывали желания
Я хочу быть звездой
Чтобы сильно радовать
Чтобы люди стерли все переживания
Я хочу быть звездой
Я хочу быть звездой
Я хочу быть звездой
Я хочу быть звездой
Искать в Яндекс Музыке
Искать в Apple Music
Искать в YouTube Music
Искать в YouTube
Искать в RuTube"
https://text-pesenok.ru/t115006832-noch,Ночь,DK,"Aa
+
Aa
-
С тобой не по пути мне, как-как тут ни крути
Не помню, где вчера был, да и помнить нету сил
Нету сил, нету сил, нету сил
Нету сил на разговоры, нету сил к те подойти
Нету сил подойти, наши чувства R.I.P.⁣
Меня слепит то, что будет, из крови на House of beat
Жирный **** — динамит, я старый будто Казантип
Ты хотела быть скромней, но эта ночь тя поглотит-тит-тит
Ночь оставит только швы, оставит только боль
Остался только ты, мне с тобою не уснуть
Оставит только швы, оставит только боль, боль, боль
Давно потерян—
Ночь оставит только швы, оставит только боль
Остался только ты, мне с тобою не уснуть
Оставит только швы, оставит только боль
Окей-окей, давай всё заново
Боль, боль, только швы
Боль, боль, не уснуть
Боль, боль, только швы
Боль, боль, не уснуть
Боль, боль, только швы
Боль, боль, не уснуть
Боль, боль, боль
Окей-окей, давай всё зано—
Дым в потолок — больше ничё не дано
Люблю делать саунд, да и любить мне больше нечего
Похуй, где ты вечером, Похуй, где ты вечером
Если Vans'ы топчут землю, значит, связь со мной обречена
Нету сил подойти, наши чувства R.I.P.⁣
Меня слепит то, что будет, из крови на House of beat
Жирный **** — динамит, я старый будто Казантип
Ты хотела быть скромней, но эта ночь тя поглотит-тит-тит
Ночь оставит только швы, оставит только боль
Остался только ты, мне с тобою не уснуть
Оставит только швы, оставит только бо— (Ready for take off?)
Ночь оставит только швы, оставит только боль
Остался только ты, мне с тобою не уснуть
Оставит только швы, оставит только боль
Остался только ты, мне с тобою не уснуть
Не уснуть, не уснуть
Мне с тобою не уснуть
Не уснуть, не уснуть
Мне с тобою не уснуть
Не уснуть, не уснуть
Мне с тобою не уснуть
Не уснуть, не уснуть
Мне с тобою не уснуть (Go)
Искать в Яндекс Музыке
Искать в Apple Music
Искать в YouTube Music
Искать в YouTube
Искать в RuTube"
https://text-pesenok.ru/t115006772-ariya-proroka-iony,Ария пророка Ионы,Григорий Полухутенко,"Aa
+
Aa
-
Надо мной – взвесь Подо мной – снег И сам я стою немного У меня здесь Ничего нет
Всё строго Ты вошла в дом Я схватил нож Я свободен от всяких иллюзий Радость жить в том Что пока что живёшь...
Слушай бедную голову мою пожалей и прости меня
Бедную голову мою на сей раз оставь
Ты давно спишь Я – вообще нет Я не спал сорок дней и три года Из меня выпит, вытянут, выкачен весь цвет из аккорда Ты вообще глух Или ты сдох Ты пошёл за какими блага-ами Если ты вслух Если ты Бог
Будь с нами
Слушай бедную голову мою пожалей и прости меня
Бедную голову мою на сей раз оставь
Слушай бедную голову мою пожалей и прости меня
Бедную голову мою на сей раз оставь
На сей раз оставь
На сей раз оставь
На сей раз о-слушай и слушай, и слушай, услышь меня Рот мой почти под водой
И где твоя ярость на нас
Где твоя жалость для нас
Слушай и слушай, и слушай, услышь меня Слышишь ли, слышишь мой вой
И где твоя жадность до нас
И где твоя ненависть в нас
Надо мной – Бог Подо мной – свет И сам я стою немного У меня здесь Ничего нет
Всё строго
Всё строго
Всё строго
Искать в Яндекс Музыке
Искать в Apple Music
Искать в YouTube Music
Искать в YouTube
Искать в RuTube"
https://text-pesenok.ru/t115006722-gde-nebo-drugoe,Где небо другое,Oblomovblues,"Aa
+
Aa
-
Ты любишь другого, другому верна
И веришь в другие, чужие слова.
Другого ласкаешь, целуешь в ночи,
Другому ты шепчешь признание в любви.
А ты сбежала туда, сбежала туда,
Где небо другое, другая Луна,
Где звёзды сверкают и птички поют,
Где счастье, покой и вечный уют.
Там реки, ручьи и озёра полны,
Трава зеленее и выше холмы.
И люди добрее в том мире живут,
Друзья веселее там песни поют.
А ты сбежала туда, сбежала туда,
Где небо другое, другая Луна,
Где звезды сверкают и птички поют,
Где счастье, покой и вечный уют.
Я тоже любил, пусть давно и не так.
Любовь моя призрак, любовь моя мрак.
А ту, что когда то, давно я любил
Тогда же давно я туда отпустил...
Она сбежала туда, сбежала туда,
Где небо другое, другая Луна,
Где звезды сверкают и птички поют,
Где счастье, покой и вечный уют.
Искать в Яндекс Музыке
Искать в Apple Music
Искать в YouTube Music
Искать в YouTube
Искать в RuTube"
https://text-pesenok.ru/t115006672-aromat-volossya-feat-naimes,Аромат волосся (feat. NAIMES),KALUSH,"Aa
+
Aa
-
]: [Приспів]:
Аромат волосся,
Мало мені його, о-о
Ми граємо в кіно, о-о
Ми просто перехожі, і не знайти на неї похожих.
Аромат волосся,
Мало мені його, о-о
Ми граємо в кіно, о-о
Ми просто перехожі, і не знайти на неї похожих.
Я біг до тебе зливами з мокрими кросами,
Ночі і дні ділили ми під градами грозами.
Скажи, як стали просто людьми перехожими,
І не зайдемо в гості ми гості непрошені.
Серце кликало одну,
У морі тону..
І я не прийду,
До тебе знов, це не любов...
Серце кликало одну, між нами бачу марево,
Скажи мені слово і знову почнемо заново.
Я знаю, мені не здалося,
Чую серед натовпу людей аромат її.. [Приспів]:
Аромат волосся,
Мало мені його, о-о
Ми граємо в кіно, о-о
Ми просто перехожі, і не знайти на неї похожих.
Аромат волосся,
Мало мені його, о-о
Ми граємо в кіно, о-о
Ми просто перехожі, і не знайти на неї похожих.
Танцювала так, ніби ти дим Затяжний, той з яким Мурашить,
Тільки ти, сповна..
Пам'ятаєш запах в місті де ночі пізні,
Слова в під'їзді і знов ти в пісні.
По факту не умісні вайби сумні,
Бо ти біля мене в кріслі.
Я впевнено колись не викупав, мені нащо,
Кохання стріла!
І вже не романтична романтика дворова,
Не естетські курива-ва-ва.. [Приспів]:
Аромат волосся,
Мало мені його, о-о
Ми граємо в кіно, о-о
Ми просто перехожі, і не знайти на неї похожих.
Аромат волосся,
Мало мені його, о-о
Ми граємо в кіно, о-о
Ми просто перехожі, і не знайти на неї похожих.
Искать в Яндекс Музыке
Искать в Apple Music
Искать в YouTube Music
Искать в YouTube
Искать в RuTube"
https://text-pesenok.ru/t115006622-pokatay,Покатай,FEDUK,"Aa
+
Aa
-
«Покатай меня», — она любит этот звук
Любит покурить в люк, любит ритм-н-блюз «Покатай меня», — она любит этот звук
Любит покурить в люк, любит ритм-н-блюз
В пазл сложились черты лица
Да, я сразу тебя узнал
Есть проблемы: я обычный пацан
Но смотрю тебя в телеки, ведь ты звезда
Нам не встретится никогда
Ты живёшь в своём замке, а я еду за МКАД
Ты носишь бриллианты, а я не богат
Ну и чё остаётся мне? Только мечтать
«Покатай меня», — она любит этот звук
Любит покурить в люк, любит ритм-н-блюз «Покатай меня», — она любит этот звук
Любит покурить в люк, любит ритм-н-блюз
В моём городе холода
Я стою с гитарой в руках
Просто уличный музыкант
Что опять поёт эту песню Сплина
Закрываю глаза в мечтах
Вот бы встретить её сейчас
На миллион всего один шанс
Что мимо пройдёт — услышит она
«Покатай меня», — она любит этот звук
Любит покурить в люк, любит ритм-н-блюз «Покатай меня», — она любит этот звук
Любит покурить в люк, любит ритм-н-блюз
У-у, любит ритм-н-блюз
У-у, любит ритм-н-блюз
У-у, любит ритм-н-блюз
Па-па, па-па
Пора па-па
Па-па, па-па
Па-ра-ха, хо-а
Пора па-па
Пора па-па, па-па, па-па
Покатай меня
Искать в Яндекс Музыке
Искать в Apple Music
Искать в YouTube Music
Искать в YouTube
Искать в RuTube"
https://text-pesenok.ru/t115006572-your-eyes-will-taste-of-the-flowers,Your Eyes Will Taste of the Flowers,Ochs Phil,"Aa
+
Aa
-
I'm a leavin' on the morning railroad in the drizzlin' darkness of the rain and I hear with every wheel a turning secrets sounding of your name.
And your eyes will taste of the flowers your lips of the morning dew and your hair will taste of the meadow and all the world will taste of you.
I can't tell the reason why I'm leaving
I don't know just what I'm heading for
I just know with every mile I wander
I'm needing you another mile more.
And your eyes will taste of the flowers your lips of the morning dew and your hair will taste of the meadow and all the world will taste of you.
Oh if you never get my letter you know your memory will stay with every song that I am singing with every word that I say.
And your eyes will taste of the flowers your lips of the morning dew and your hair will taste of the meadow and all the world will taste of you.
I'll carry your picture in my pocket when times are good or times are bad and if I chance to meet another
It won't take away the good times that we had.
And your eyes will taste of the flowers your lips of the morning dew and your hair will taste of the meadow and all the world will taste of you.
Искать в Яндекс Музыке
Искать в Apple Music
Искать в YouTube Music
Искать в YouTube
Искать в RuTube"
https://text-pesenok.ru/t115006522-black-betty-chyornaya-betti-na-russkom,Black Betty - (Чёрная Бетти) на русском,Spiderbait,"Aa
+
Aa
-
Оо, у Бетти, бем-балем. У чёрной Бетти, бем-балем.
У Бетти есть дитё, бем-балем. Чёрт знает от кого, бем-балем.
Она бедова, бем-балем. На всё готова, бем-балем.
Уо-у, Бетти, бем-балем. Шальная Бетти, бем-балем.
О да!
Оо, у Бетти, бем-балем. У чёрной Бетти, бем-балем.
Неукротимый нрав, бем-балем. Но в нём-то весь и кайф, бем-балем.
Она бедова, бем-балем. На всё готова, бем-балем.
Уо-у, Бетти, бем-балем. Шальная Бетти, бем-балем.
О да! Вот так! (х3)
О да! О да!
Оо, у Бетти, бем-балем. У чёрной Бетти, бем-балем.
В местечке Бирмингем, бем-балем. У Алабамской мэм, бем-балем.
Представьте, есть дитё, бем-балем. Чёрт знает от кого, бем-балем.
Оо, у Бетти, бем-балем. У чёрной Бетти, бем-балем.
О да! Вот так! (х3)
О да! О да!
Бем-балеееееееммммм!
Искать в Яндекс Музыке
Искать в Apple Music
Искать в YouTube Music
Искать в YouTube
Искать в RuTube"
https://text-pesenok.ru/t115006472-zvezdopad,Звездопад,СБыД,"Aa
+
Aa
-
Темные подвалы
Горят на небе звезды
Прорытые канавы
Из них уйти не просто
Звезда упала вдруг
Желанье загадаешь
Но вдруг услышишь звук
Во крови подыхаешь
Звезды. На небе только звездопад.
Звезды. На небе только звездопад.
Звезды. На небе только звездопад.
Белые палаты
И не греет солнце
Значит это лампы
Кровь из меня льётся
Ты слышал только стук
Врачей по твоей плоти
И 100 холодных рук
Возьмут тебя на мёртвой ноте
Звезды. На небе только звездопад.
Звезды. На небе только звездопад.
Звезды. На небе только звездопад.
Вижу я гранаты
Мысль возникла тут же
Выйду из палаты
Их я вооружу
И пойду на бой
Негоже мне лежать тут
А завтра в выходной
Мне раны перевяжут
Звезды. На небе только звездопад.
Звезды. На небе только звездопад.
Звезды. На небе только звездопад.
Звезды. Желанье загадай, солдат.
Звезды. Желанье загадай, солдат.
Звезды. Желанье загадай, солдат.
Искать в Яндекс Музыке
Искать в Apple Music
Искать в YouTube Music
Искать в YouTube
Искать в RuTube"
https://text-pesenok.ru/t115006422-moskva,Москва,Мои НЛО,"Aa
+
Aa
-
Ты смотришь, в ответ идет твое утро,
Ночные мурашки застыли под пудрой.
И люди воруг, иногда улыбаясь,
Кого-то мысленно снова ласкают.
Мы роботы, детка, мы копим обиды.
Для тех, кто летает, здесь все очевидно.
Закинется слабый, упорется с кем-то,
Но мы не считаем чужие проблемы.
Среди дней, среди ночи и городов Ты поймешь, что больше не хватает слов. Нету сил, и в кармане шумит листва. Поцелуй, обними меня, Москва.
Принцессы и принцы шагают на свалку,
Успев помечтать о дворцах и подарках.
Но капельки пота дождями и снегом
Смываются. Яблоки падают в небо.
Рождается Солнце и бьется по венам,
А время и деньги - обычная тема.
Застывший под куполом в коме стеклянной
Наш Нью-Вавилон ухмыляется тайной.
Среди дней, среди ночи и городов Ты поймешь, что больше не хватает слов. Нету сил, и в кармане шумит листва. Поцелуй, обними меня, Москва.
Искать в Яндекс Музыке
Искать в Apple Music
Искать в YouTube Music
Искать в YouTube
Искать в RuTube"
https://text-pesenok.ru/t115006372-mlyn,Млын,Kas,"Aa
+
Aa
-
– перабор на адным акордзе
Гэта млын стары,
Там бяжыць вада
Там цячэ Дняпро
Не хвалюйся – будзе ўсё добра!
– 4 раза
Зерне ў далолях – частуйся зямелька, Што тут пасееш – тое пажнеш. Вялікае шчасьце – калі б’ецца сэрца, То й лютыя беды – перажывеш.
Гэта млын стары, бераг той круты, Там бяжыць вада – круціць жорны, Там цячэ Дняпро – перамеле ўсё, Не хвалюйся – будзе ўсё добра!
– 4 раза
Цвердае зерне – стане мукою, Хлеба кавалак ёсць да стала. Дзе ж тое месца па над ракою, Дзе стане светлай мая галава?
Гэта млын стары, бераг той круты, Там бяжыць вада – круціць жорны, Там цячэ Дняпро – перамеле ўсё, Не хвалюйся – будзе ўсё добра!
- 4 раза
Искать в Яндекс Музыке
Искать в Apple Music
Искать в YouTube Music
Искать в YouTube
Искать в RuTube"
https://text-pesenok.ru/t115006272-lisyonok,Лисёнок,Загадки Евы,"Aa
+
Aa
-
Послушай, лисёнок
Этот мир так звонок
Поёт он листами
И залпом гасит пламя
Понюхай следами
Ушли они полями
По тихой равнине
Идём дорогой длинной
Дай мне лапу и почувствуй свет
Видишь там брезжит рассвет
И в сотнях светлых самых чистых глаз
Ты увидишь — этот мир так любит нас
И в замеревшем снеге
Покатится как ветер
Ожившим комочком
Оранжевый листочек
А завтра наш запах
Ливень долгий смоет
И в голубой чаще
Старый друг завоет
Дай мне лапу и почувствуй свет
Видишь там брезжит рассвет
И в сотнях светлых самых чистых глаз
Ты увидишь — этот мир так любит нас
Дай мне лапу и почувствуй свет
Видишь там брезжит рассвет
И в сотнях светлых самых чистых глаз
Ты увидишь — этот мир так любит нас
Искать в Яндекс Музыке
Искать в Apple Music
Искать в YouTube Music
Искать в YouTube
Искать в RuTube"
https://text-pesenok.ru/t115006222-world-in-my-eyes-mir-v-moih-glazah-na-russkom,World in my Eyes - (Мир в моих глазах) на русском,Depeche Mode,"Aa
+
Aa
-
Мы успеем до Зари повидать весь Свет.
Ты не двигайся, просто замри.
Пусть моё тело будет двигатель, а мои руки станут гидами.
Дай мне взять тебя в мир моих глаз.
Мы покорим всех гор вершины. Карты с компасом не нужны,
И морских глубин мы достигнем.
Позволь преодолеть касанием меж наших тел расстояние.
Дай мне взять тебя в мир моих глаз.
Всё в нас веришь?
Есть лишь то, что чувствуешь сейчас.
Веришь?
Мы направим корабли. Наших губ навстречу.
Целым станем одним.
Кружат острова и страны в безднах звёздных океанов.
Дай мне взять тебя в мир моих глаз.
Всё в нас веришь?
Есть лишь то, что чувствуешь
Прикосновением.
Искать в Яндекс Музыке
Искать в Apple Music
Искать в YouTube Music
Искать в YouTube
Искать в RuTube"
https://text-pesenok.ru/t115006172-zhivi-i-udivlyaysya,Живи и удивляйся,Александр Кравцов,"Aa
+
Aa
-
Живи и удивляйся, в апреле снегом замело.
Твори и поражайся, мело, мело и замело.
Природа рассердилась, весна плюет холодным снегом.
Уж третий год как ничего не изменилось, завершена эпоха плодородного начала века.
Куда идем все мы?
Скажи, в какой прогресс?
Шлифует нищета, увы, и затяжной во лжи процесс.
Живи и удивляйся, в апреле снегом замело.
Твори и поражайся, мело, мело, мело, мело…
Искать в Яндекс Музыке
Искать в Apple Music
Искать в YouTube Music
Искать в YouTube
Искать в RuTube"
https://text-pesenok.ru/t115006122-kogda-ya-byl-lyubim,Когда я был любим,Аделина Петри,"Aa
+
Aa
-
Я не выйду сегодня из дома
Потому что город суров
Потому что мне не хватает слов
Позабыли мы все обиды
Мы устали от этих людей
Ну а люди просто кричат: «Сильней, бей их сильней»
И нету больше злости
Меня ты не зови
Меня никто не спросит
Когда я был любим
И нету больше злости
Прошу, ты отпусти
Пришла когда-то в гости
Но осталась, осталась позади
Я не выйду сегодня из дома
Потому что здесь мой покой
Он со мной живет за холодной стеной
Мне все тайны мира открыты -
Ну зачем мне тебя понимать?
Лучше мне уйти, этой песней стать
Песней стать
И нету больше злости
Меня ты не зови
Меня никто не спросит
Когда я был любим
И нету больше злости
Прошу, ты отпусти
Пришла когда-то в гости
Но осталась, осталась позади
И нету больше злости
Меня ты не зови
Меня никто не спросит
Когда я был любим
И нету больше злости
Прошу, ты отпусти
Пришла когда-то в гости
Но оставь нас, оставь нас позади
Искать в Яндекс Музыке
Искать в Apple Music
Искать в YouTube Music
Искать в YouTube
Искать в RuTube"
https://text-pesenok.ru/t115006072-bal-vampirov-kak-nezhnaya-skripka,Бал Вампиров - Как нежная скрипка,Песни из мюзиклов,"Aa
+
Aa
-
Как нежная скрипка в душе поет любовь,
Но счастье так зыбко - оно боится слов.
И порою глаза способны сказать,
О чем мы молчим с тобою в ночи.
Г: Ты должен остаться. Ну хватит дрожать.
Похоже, ты болен, Альфред.
А: Болен я? Вовсе нет.
Г: Поскорей отправляйся в кровать...
Ты бледен ужасно. И верно пуглив.
Пойдем-ка со мною, дружок.
А: Мне и здесь хорошо.
Г: Слишком робок и очень стыдлив.
А: Где-то здесь должен быть бал, слышал я.
Г: Как попка прелестна твоя.
А: Но бал!..
Г: Ах, твои глазки
А: А что глазки?..
Г: А реснички твои густые, как в сказке.
О,да! Бал состоится в эту ночь.
Музыка, свечи и вино.
Так романтично. Я лично
Тебя приглашаю всю ночь развлекаться со мной.
Г: Ах, что в этой книге?
А: Стихи.
Г: О, mon cheri.
Да, ты, очевидно, влюблен, держу пари.
Нет, я не удивлен – я тоже влюблен.
В кого – угадай. В тебя, так и знай!
Я полон любовью.
Летим со мной вместе в рай!
Искать в Яндекс Музыке
Искать в Apple Music
Искать в YouTube Music
Искать в YouTube
Искать в RuTube"
https://text-pesenok.ru/t115006022-ostorozhno-dveri-zakryvayutsya,"Осторожно, двери закрываются",Меня зовут Маша,"Aa
+
Aa
-
Радость моя дальний свет Не донесла, расплескала Как же ты там без меня теперь В середине грозы Радость моя, провода Тихо звенели над полем
Я опять всё придумала
И минуты и маятник
И тропинки и правила
И правила
Осторожно, двери закрываются
А ты поговори со мной
Поговори со мной
Осторожно, двери закрываются
А ты?
Горячий воздух с самого утра бежит за мной
И невозможно в этих расстояниях
Хоть что-то решить
Но ты не спеши
Радость моя, ночь пройдет И ничего не приснится Знаешь, я здесь без тебя теперь В середине грозы
Что бы я ни ответила
Это всё не считается
Серпантины сплетаются
Сплетаются
Осторожно, двери закрываются
А ты поговори со мной
Поговори со мной
Осторожно, двери закрываются
А ты?
Горячий воздух с самого утра бежит за мной
И невозможно в этих расстояниях
Хоть что-то решить
Но ты не спеши
Радость моя дальний свет Не донесла, расплескала
Искать в Яндекс Музыке
Искать в Apple Music
Искать в YouTube Music
Искать в YouTube
Искать в RuTube"
https://text-pesenok.ru/t115005972-pyl,Пыль,СИГНАЛ,"Aa
+
Aa
-
Пыль – человек без слова.
Пыль – и в душе его мрак.
Пыль. Но ты веришь снова
В пыль.
Пока во мне есть сила и есть дух.
Пока мной движет зрение и слух.
Пока за мною слово,
Я буду радоваться снова
Дождю и снегу, солнцу и луне
И каждой болью порванной струне.
Но если ты не знаешь боль на вкус,
Как смеешь ты судить, кто враг, кто трус?
Как смеешь ты глумиться
Над тем, кому в снах мамка снится?
Тебе сказали «Стой!» и ты стоишь.
Тебе сказали «Жди!», но ты молчишь.
Пыль – человек без слова.
Пыль – и в душе его мрак.
Пыль. Но ты веришь снова
В пыль.
Пока во мне есть вера, в венах пульс.
Пока за мною правда, я дерусь.
Я не ношу защитных стёкол,
Чтоб видеть очи лжи, как сокол
Тех, кто читает речи нам с листа,
Но знаю я душа у них пуста.
Они кричат за счастье и за мир,
Но вся Земля расстреляна, как тир.
Меня знобит от власти,
Которая дана на счастье
Тому, кто жмет из горя серебро,
А после пнёт в помойное ведро.
Пыль – человек без слова.
Пыль – и в душе его мрак.
Пыль. Но ты веришь снова
В пыль.
Пыль – человек без слова.
Пыль – и в душе его мрак.
Пыль. Но ты веришь снова
В пыль.
Пыль – человек без слова.
Пыль – и в душе его мрак.
Пыль. Но ты веришь снова
В пыль.
Искать в Яндекс Музыке
Искать в Apple Music
Искать в YouTube Music
Искать в YouTube
Искать в RuTube"
https://text-pesenok.ru/t115005922-ce-tak-krasivo,Це так красиво,Morozova,"Aa
+
Aa
-
Люди кажуть, що любов сліпа, Кажуть ті, що нею не осліпли. Це не так бо вона зцілює серця, Теплим ніжним світлом..
І це так красиво, це зовсім не слабість моя,
Це моя сила кохати тебе так як я..
Це так красиво..
Це так красиво.. [Приспів]:
А я не знаю як тебе любите ще,
Блукаю містом знов під проливним дощем.
Любов до тебе рветься птахом із грудей,
Не зустрічала ще таких.. поміж людей.
Я не навмисно щодня памʼятаю тебе,
І так безкорисно кохаю неначе в останнє.
І це моя дійсність,
Я не навмисно, я не навмисно.. [Приспів]:
А я не знаю як тебе любите ще,
Блукаю містом знов під проливним дощем.
Любов до тебе рветься птахом із грудей,
Не зустрічала більш таких, таких як ти, поміж людей..
Не зустрічала більш таких, таких як ти, поміж людей..
Искать в Яндекс Музыке
Искать в Apple Music
Искать в YouTube Music
Искать в YouTube
Искать в RuTube"
https://text-pesenok.ru/t115005872-kak-svinya-v-apelsinah,Как свинья в апельсинах,Александр Кравцов,"Aa
+
Aa
-
Важно ведь в сегодняшнем времени, как свинья в апельсинах, не понято многими.
Что по праву ваша приемлемость, сочетается с вашим виденьем твердым.
И как свинья в апельсинах видится, недопонятая многими истина.
Что стоять на месте бессмысленно, неопомнился люд многочисленный, неопомнился люд многочисленный.
Что болотом пропитаны поколения, как свинья в апельсинах безумная.
Подотчетно без собственного мнения, не меняются, в сторону умного. не меняются, в сторону умного.
Главное в сегодняшнем времени, как свинья в апельсинах, не понято.
Проявляется вся ваша деятельность, в сочетании с виденьем твердым, в сочетании с виденьем твердым.
Искать в Яндекс Музыке
Искать в Apple Music
Искать в YouTube Music
Искать в YouTube
Искать в RuTube"
https://text-pesenok.ru/t115005822-spasenie-mira,Спасение мира,Второе дыхание,"Aa
+
Aa
-
В прошлом эхо войны осталось,
Сильный слабого подчинил,
Никто не может изменить, казалось,
Мировой расстановки сил;
Восточный ветер чумы бесшумной
Множит силы будто ураган;
В новый век человек разумный
Сделал в ближнем себе врага.
Невидимо идёт вторжение,
Держит людей от вестей под напряжением,
Носитель терпит поражение,
Тревога в глазах, на устах при заражении;
Особым стало положение,
Иного пути не найти для отражения,
До полного уничтожения
Разум и страх в головах ведут сражение.
Есть кто живой?
Но что заставило самовольно
Железный занавес опустить,
Ждать прямого эфира волны,
Ждать надежды, спасения нить?
Вот и он - Великий Уравнитель,
Нет ему рабов и нет господ!
Будь то нищий или небожитель -
Встанут рядом и пойдут в расход.
Невидимо идёт вторжение,
Держит людей от вестей под напряжением,
Носитель терпит поражение,
Тревога в глазах, на устах при заражении;
Особым стало положение,
Иного пути не найти для отражения,
До полного уничтожения
Разум и страх в головах ведут сражение.
Есть кто живой, кто дарует покой?
Сойдите же с тронов, снимите короны,
Пришло ваше время дрожать взаперти!
От всех эпидемий найти исцеление
Вам едва ли под силу,
Угроза незрима,
И только всем миром этот мир спасти!
Невидимо идёт вторжение,
Держит людей от вестей под напряжением,
Носитель терпит поражение,
Тревога в глазах, на устах при заражении;
Особым стало положение,
Иного пути не найти для отражения,
До полного уничтожения
Разум и страх в головах ведут сражение.
Есть кто живой, кто дарует покой?
Сойдите же с тронов, снимите короны,
Пришло ваше время дрожать взаперти!
От всех эпидемий найти исцеление
Вам едва ли под силу,
Так ройте могилы -
Ведь только всем миром этот мир спасти!
Искать в Яндекс Музыке
Искать в Apple Music
Искать в YouTube Music
Искать в YouTube
Искать в RuTube"
https://text-pesenok.ru/t115005772-doroga,Дорога,Центральный Гастроном,"Aa
+
Aa
-
Время рассудит, так водится здесь
По колючим следам у дорог
Каждый, кто много мнил о себе
Не раз уже был одинок.
А летом дожди не пугают собой
И в громе не слышится войн
Зато впереди призрак света, гляди!
Да ждёт одичавший покой
Заминирована дорога к реке голубой
Пашут больные, – так водится здесь
Заложена воля к сохе
Кто не победил и остался кем был
Сжимает судьбу в руке
И счастье течет между пальцев руки
А небо не может упасть
Так значит не стоит бояться войны
Пускай позабавится всласть
Заминирована дорога к реке голубой
Всадники скачут,боясь опоздать
А ветер смеётся им в грудь
Давно стала тщетной эта игра
Но к реальности их не вернуть
И западный ветер приносит туман
Ориентир заслоня
Природный трубарь зовёт на отбой
Бросая свой крик,бесконечно живой
Заминирована дорога к реке голубой
Заминирована дорога к реке голубой
Заминирована дорога к реке голубой!
Искать в Яндекс Музыке
Искать в Apple Music
Искать в YouTube Music
Искать в YouTube
Искать в RuTube"
https://text-pesenok.ru/t115005722-kohana,Кохана,С.К.А.Й.,"Aa
+
Aa
-
Ти небесами подарована мені,
За що дізнатись я не в силі.
Немов вогонь свічі чарівний,
Ти мою душу зігріваєш уві сні.
Своєю ласкою й любовʼю,
Даруєш крила щоб літати.
Й думки неначе в морі хвилі,
Ти вмієш правильно читати. [Приспів]:
Кохана! Кохана! Кохана!
Ніжна і жадана.
Кохана! Кохана! Кохана!
Ти Богом мені дана.
Коли смієшся і радієш,
Ти наче ангел на землі.
І навіть квітку зівʼялу і забуту,
Коханням оживити зможеш ти.
Безмежно вдячний тобі рідна моя,
За те що ти у мене є така.
З душі моєї наче пісня,
Ці лються ніжнії слова. [Приспів]:
Кохана! Кохана! Кохана!
Ніжна і жадана.
Кохана! Кохана! Кохана!
Ти Богом мені дана.
Своє кохання щире й справжнє,
Куплетом цим розкриваю я.
І знай що не зумію,
Прожити без тебе на цім світі, ані дня! [Приспів]:
Кохана! Кохана! Кохана!
Ніжна і жадана.
Кохана! Кохана! Кохана!
Ти Богом мені дана.
Кохана! Кохана - є! Кохана!
Ніжна і жадана.
Кохана! Кохана! (Кохана..)
Ти Богом мені дана..
Искать в Яндекс Музыке
Искать в Apple Music
Искать в YouTube Music
Искать в YouTube
Искать в RuTube"
https://text-pesenok.ru/t115005672-zimaya,Зимая,Istokiya,"Aa
+
Aa
-
Я тебя искал
Там, где оба раздеты
Там, где прошлое лето
Но нашел зимой
Ты - самый вкусный яд
И твой особенный взгляд
Меня манил
Как манит корабли маяк
Как же быть, ответь?
Как же нас сберечь?
В секундах считаю минуты
Целую холодные губы
Забирай зимой
И останься навек со мной
Иначе мир мой будет пустой
С собой
Искать в Яндекс Музыке
Искать в Apple Music
Искать в YouTube Music
Искать в YouTube
Искать в RuTube"
https://text-pesenok.ru/t115005622-peace-death,Peace Death,Шаурма,"Aa
+
Aa
-
There is something weird right before my eyes
I would make a step, but I know the price
Keeping my eyes peeled, walking on the blade
To be ready for unexpected raid
Peace, Death, Peace, Death
Imma win the war again
Peace, Death, Peace, Death
My desire is insane
Peace, Death, Peace, Death
Saw the light and heard the voice
Peace, Death, Peace, Death
Gotta make the valid choice
I just need to know how much time we've got
To improve the show, to rewrite the plot
We have gotta rock while we're still awake
Cuz we're nothing but the icing on the cake
Peace, Death, Peace, Death
Imma win the war again
Peace, Death, Peace, Death
My desire is insane
Peace, Death, Peace, Death
Saw the light and heard the voice
Peace, Death, Peace, Death
Gotta make the valid choice
We've known each other for so long
While we're together, we are strong
No matter how to pass that way
Never run away
Peace, Death, Peace, Death
Imma win the war again
Peace, Death, Peace, Death
My desire is insane
Peace, Death, Peace, Death
Saw the light and heard the voice
Peace, Death, Peace, Death
Hope I made the valid choice
Peace, Death, Peace, Death
Imma win the war again
Peace, Death, Peace, Death
My desire is insane
Peace, Death, Peace, Death
Our lives are someone's toys
Peace, Death, Peace, Death
So I can't make any choice
Ooh ooh
Ooh ooh
Peace, Death
Yeah, yeah, yeah, yeah
So I can't make any choice
Искать в Яндекс Музыке
Искать в Apple Music
Искать в YouTube Music
Искать в YouTube
Искать в RuTube"
https://text-pesenok.ru/t115005572-pomilka-feat-ostrovskyi,Помилка (feat. Ostrovskyi),Уляна Шуба,"Aa
+
Aa
-
Навчись мене уникати, я твоя тінь, Змогла нарешті звільнитись, від обіймів твоїх. Я самотня нарешті, і вже не свята, Нагадай про себе стану твоя. Я хочу все зупинити в мене вже дефіцит, Дотиків твоїх без них тіло моє кипить. Ти - непотрібна пігулка, але без тебе болить,
Так болить.. [Приспів]:
Закохай мене знов без жодних умов,
Ми вкотре зробили помилку..
Вбивай мене знов бо наша Любов,
Банальна та схожа на бійку. (схожа на бійку!)
Окей.
Ти як загоєна рана що продовжує нити, Я розбитий бокал з якого ти хочеш відпити. І все як дежавю, я котру ніч не сплю, І не знаю скільки ще я стерплю.. є! Я хочу все зупинити в мене вже дефіцит, Дотиків твоїх без них тіло моє кипить. Ти - непотрібна пігулка, але без тебе болить,
Так болить.. [Приспів]:
Закохай мене знов без жодних умов,
Ми вкотре зробили помилку..
Вбивай мене знов бо наша Любов,
Банальна та схожа на бійку. (схожа на бійку!)
Закохай мене знов.. Закохай мене знов.. Закохай мене знов..
Закохай мене знов.. Закохай мене знов.. Закохай мене знов..
Искать в Яндекс Музыке
Искать в Apple Music
Искать в YouTube Music
Искать в YouTube
Искать в RuTube"
https://text-pesenok.ru/t115005522-budu-kosmonavtom,Буду космонавтом,кариолемма,"Aa
+
Aa
-
В детстве я думал, что буду космонавтом
Да, конечно, буду, но уже бухаю, завтра
А ещё я думал, девочка с соседнего двора
Лучшая на свете, у нас с нею будут дети
В детстве я думал, что буду космонавтом
Да, конечно, буду, но уже бухаю, завтра
А ещё я думал, девочка с соседнего двора
Лучшая на свете, у нас с нею будут дети
От меня ничего не ждут
Я уже давно разочаровал всех
Меня не забывают, ведь меня никто не знает
Нужно остаться, среди радиопомех
Опять не с теми, опять не там
Ожидал, что будет лучше, но нихуя
И то, что не с тобой, виноват я сам
И всё, что говорю, один лишь спам
В детстве я думал, что буду космонавтом
Да, конечно, буду, но уже бухаю, завтра
А ещё я думал, девочка с соседнего двора
Лучшая на свете, у нас с нею будут дети
В детстве я думал, в детстве я думал
В детстве я думал, думал
Думал, думал
Думал, думал
Думал, думал
Думал, думал
Думал, думал
Думал, думал
Дунул
Искать в Яндекс Музыке
Искать в Apple Music
Искать в YouTube Music
Искать в YouTube
Искать в RuTube"
https://text-pesenok.ru/t115005472-date-a-live-randevu-s-zhiznyu-1-opening-na-russkom,Date A Live (Рандеву с жизнью) - 1 Opening (на русском),Песни из аниме,"Aa
+
Aa
-
По улицам в забытом городе (Времени нить)
Гуляет ветер, развивая локоны
Вокруг меня, как будто пустота (Страх охватил)
В огне не ведаю я солнца света
И закричать хочу я, но не решусь
Прошу спаси меня ты поскорей
В мире разбитом,
Словно всеми забытом
Посреди тяжких мук и
Длинных, будних дней
Я чувствую себя
В душе такой израненной
Лишь тебе доверяю
Душу я открываю
Сердцем желая рядом
Быть с тобой, молю
Подари мне рандеву
Искать в Яндекс Музыке
Искать в Apple Music
Искать в YouTube Music
Искать в YouTube
Искать в RuTube"
https://text-pesenok.ru/t115005422-devil-by-the-window-dyavol-u-okna-na-russkom,Devil By The Window - (Дьявол у окна) на русском,TOMORROW X TOGETHER,"Aa
+
Aa
-
(Хюнин Кай, Субин)
Ляг, засыпай, должен был ты устать.
Просто нужно уснуть, ты не сможешь сбежать.
Волк в овечьей шкуре волк прячется,
Но в ночи, но в ночи скройся, ты справишься.
Оу, что творишь ты? Всё меньше времени.
Оу, неприятность. Выйди же поиграть.
(Припев: Ёнджун, Тэхён)
Как же высоко то небо, так порочно сладко.
Я кричу, зову кого-то, сложно убежать.
(Субин, Тэхён)
Я встретил дьявола у окна и променял жизнь,
Вкусил желание, все чувства ему поддались.
Шепнул он: ""Просто сдайся и не протестуй"".
Слушай дьявола у окна, спи, милый, засыпай.
(Бомгю, Хюнин Кай, Ёнджун, Тэхён)
А, а-а-а-а, а-а, а
А, а-а-а-а, а-а, а
А, а-а-а-а, а-а, а
Слушай дьявола у окна, спи, милый, засыпай.
(Ёнджун, Бомгю)
Здесь я застрял, среди всей той грязи,
Наш мир фальшив, все мы часть одной серой массы.
Окутала меня волна, что чувств лишена.
Останься, прошу, знаю хочешь уйти.
Оу, что творишь ты? Всё меньше времени.
Оу, неприятность. Выйди же поиграть.
(Перед припевом: Бомгю, Тэхён)
Как же высоко то небо, так порочно сладко.
Я кричу, зову кого-то, сложно убежать.
(Припев: Ёнджун, Хюнин Кай)
Я встретил дьявола у окна и променял жизнь,
Вкусил желание, все чувства ему поддались.
Шепнул он: ""Просто сдайся и не протестуй"".
Слушай дьявола у окна, спи, милый, засыпай.
(Тэхён, Бомгю, Ёнджун)
А, а-а-а-а, а-а, а
А, а-а-а-а, а-а, а
А, а-а-а-а, а-а, а
Слушай дьявола у окна, спи, милый, засыпай.
(Бомгю, Субин, Хюнин Кай)
Дьявол, д-д-дьявол, дьявол.
Дьявол, д-дьявол (Оу встретил)
Будь ближе, засыпай.
(Концовка: Хюнин Кай, Тэхён, Субин, Ёнджун)
Ввысь стремится моё тело, в небо.
Вниз я не спущусь, верю ему я слепо.
Полёт пройдет в ночное время так невесомо.
Шепчет: ""Мечтай, мечтай, мечтай""
Искать в Яндекс Музыке
Искать в Apple Music
Искать в YouTube Music
Искать в YouTube
Искать в RuTube"
https://text-pesenok.ru/t115005372-holodnye-steny,Холодные стены,Sizor,"Aa
+
Aa
-
Мне так противны наивные фильмы
От интро до титров — все они лживы
Я больше не верю в любовные сцены
В моей голове лишь холодные стены
Холодные стены подъезда из детства
К ним не вернуться от них некуда деться
Мне они снятся, я помню фрагменты
Забытые письма и пустые конверты
Забытые письма, пустые конверты
Затёртые кнопки и шум киноленты
Глубоко где-то там в грудной клетке
Но болит нередко, но болит нередко
Забытые письма, пустые конверты
Затёртые кнопки и шум киноленты
Глубоко где-то там в грудной клетке
Но болит нередко, но болит нередко
Мне так противны счастливые люди
Как они могут просто взять и не думать?
Залил бы бетоном холодное море
Но даже тогда я не буду спокоен
Всё вроде неплохо и вроде всё в норме
Но мало что может задеть на живое
Собрал по кусочкам такие моменты
Затертые кнопки и шум киноленты
Забытые письма пустые конверты
Затёртые кнопки и шум киноленты
Глубоко где-то там в грудной клетке
Но болит нередко, но болит нередко
Забытые письма пустые конверты
Затёртые кнопки и шум киноленты
Глубоко где-то там в грудной клетке
Но болит нередко, но болит нередко
Искать в Яндекс Музыке
Искать в Apple Music
Искать в YouTube Music
Искать в YouTube
Искать в RuTube"
https://text-pesenok.ru/t115005321-byt-luchshe,Быть лучше,so.whatever,"Aa
+
Aa
-
Зачем слушать мои песни,
Видеть в них сердечко моё?
Хотел побыть со мной вместе?
Но здесь только нытьë...
Но я стараюсь, стараюсь быть лучше,
Не зная как быть хорошей и нужной.
Пою и трудностей не видно,
Но мне обидно быть на дне
Рассвет наступил так рано ""Привет!"" - испугаю тебя,
В руках у меня гитара,
Значит грустить нельзя
Но я стараюсь, стараюсь быть лучше,
Не зная как быть хорошей и нужной.
Пою и трудностей не видно,
Но мне обидно быть на дне
Искать в Яндекс Музыке
Искать в Apple Music
Искать в YouTube Music
Искать в YouTube
Искать в RuTube"
https://text-pesenok.ru/t115005271-sorry,Sorry,DEMCHUK,"Aa
+
Aa
-
Змінив десятки сансетів,
Вже не важливо з ким, і де ти.
Стільки часу пройшло, пам'ятаю - було,
Але все це давно - на дно.
Дзвінок - на екрані твоє імʼя,
Повір не будем раді ні ти, ні я!
Розумію схоже почуття, нагадали про себе з минулого життя. [Приспів]:
Сорі ми уже не ті,
У мене імунітет до твоєї краси.
Якщо хочеш подзвонити я на місяці,
Передам потім привіт - справа не в тобі.
Сорі я мов Аладдін, в пошуках принцеси може, допоможе джин. Вона сцілить моє серце краще медицини, А очей не дасть зімкнути в ночі кофеїн.
Я знову бачив її у вісні,
Заради кого планету готовий пішки пройти.
Як не крути, сорі але це не ти!
Оооо-оуу.. кожен день серед тисячі людей,
Я не маю вже ідей де знайти мені,
Ліки від цієї самоти. [Приспів]: Сорі ми уже не ті,
У мене імунітет до твоєї краси.
Якщо хочеш подзвонити я на місяці,
Передам потім привіт - справа не в тобі.
Сорі я мов Аладдін, в пошуках принцеси може, допоможе джин. Вона сцілить моє серце краще медицини, А очей не дасть зімкнути в ночі кофеїн.
Сорі ми уже не ті,
У мене імунітет до твоєї краси. Якщо хочеш подзвонити я на місяці, Передам потім привіт - справа не в тобі..
Искать в Яндекс Музыке
Искать в Apple Music
Искать в YouTube Music
Искать в YouTube
Искать в RuTube"
https://text-pesenok.ru/t115005221-golubye-glaza,Голубые глаза,Аня из Питера,"Aa
+
Aa
-
А у неё глаза голубые-голубые,
Ты не вспомнишь завтра даже ее имя;
Ты не вспомнишь волосы какого цвета,
Не вспомнишь ее голос, и как была одета.
Лишь её глаза голубые - голубые,
Всем друзьям сказал, что никогда таких не видел,-
Эти моря прямо под ресницами, -
Они тебе так долго будут сниться.
А знаешь мама, она живая,
С ямочками на щеках, счастливая такая!
Знаешь мама, стоим у края,
Она улыбается, а я сгораю.
Сгораю от любви , от жажды жизни,
Смотрю в ее глаза, и вижу весь мир!
Передо мною море, и небо с птицами…
Я погружаюсь в волны, что за ресницами.
Ведь её глаза голубые-голубые,
Ты не вспомнишь завтра даже ее имя;
Ты не вспомнишь волосы какого цвета,
Не вспомнишь ее голос, и как была одета.
И лишь её глаза голубые - голубые,
Всем друзьям сказал, что никогда таких не видел,-
Эти моря прямо под ресницами, -
Они тебе так долго будут сниться.
А у неё бездна прямо за веками,
И у нее начала нет, и нет дна.
Если бы море было человеком , -
Это была бы она, была бы она
Ведь её глаза голубые-голубые,
Ты не вспомнишь завтра даже ее имя;
Ты не вспомнишь волосы какого цвета,
Не вспомнишь ее голос, не вспомнишь её голос.
Ведь её глаза голубые - голубые,
Всем друзьям сказал, что никогда таких не видел,-
Эти моря прямо под ресницами, -
Они тебе так долго будут сниться.
И лишь её глаза
Голубые - голубые,
И лишь её глаза...
Искать в Яндекс Музыке
Искать в Apple Music
Искать в YouTube Music
Искать в YouTube
Искать в RuTube"
https://text-pesenok.ru/t115005171-sredi-razrushennyh-panelnyh-zdaniy,Среди разрушенных панельных зданий,наверное радость,"Aa
+
Aa
-
Среди разрушенных панельных зданий
Я потерял себя и больше не найду
Среди домов расскажут мне все тайны
И в тихом омуте безмолвно пропадут
Мне надоело видеть силуэты
Людей которые уже устали жить
Я буду бегать и искать ответы
На те вопросы что я не смогу решить
Среди разрушенных панельных зданий
Я потерял себя и больше не найду
Свет фонарей будто луна кровавый
Среди разрухи только он укажет путь
И мне уже не важно то что будет
И мне уже не важно что будет со мной
Я каждый день буду мечтать о чуде
Смотря на старые панельки за окном
Искать в Яндекс Музыке
Искать в Apple Music
Искать в YouTube Music
Искать в YouTube
Искать в RuTube"
https://text-pesenok.ru/t115005121-mne-ne-nuzhna-eta-novaya-zhizn,Мне не нужна эта новая жизнь,Автостопом по фазе сна,"Aa
+
Aa
-
Мне не нужна эта новая жизнь, без тебя я в которой
Я просыпаюсь обдолбанный, пьяный, с какой-то особой
И не люблю её, просто так хочу сделать больно
Мы засыпаем на разных кроватях и без унисона, еа
Мне не нужна эта новая жизнь, без тебя я в которой
Я просыпаюсь обдолбанный, пьяный, с какой-то особой
И не люблю её, просто так хочу сделать больно
Мы засыпаем на разных кроватях и без унисона, еа
Мне не нужна эта новая жизнь, без тебя я в которой
Я просыпаюсь обдолбанный, пьяный, с какой-то особой
И не люблю её, просто так хочу сделать больно
Мы засыпаем на разных кроватях и без унисона, еа
Временами, мне снятся сны, где я убился
Я просыпаюсь - так сушит, та сука так хочет напиться
Я не прошел на психику тест - я самоубийца
Но ты идеальна, еа
И в моих мечтах, я кончаю в тебя, а ты сквиртуешь
Малышка, я в шоке с того, от того, как ты мало куришь
Давай, покажи свое тело, ну, что ты, малая, блефуешь
Ты так идеальна, еа
Мне не нужна эта новая жизнь, без тебя я в которой
Я просыпаюсь обдолбанный, пьяный, с какой-то особой
И не люблю её, просто так хочу сделать больно
Мы засыпаем на разных кроватях и без унисона, еа
Мне не нужна эта новая жизнь, без тебя я в которой
Я просыпаюсь обдолбанный, пьяный, с какой-то особой
И не люблю её, просто так хочу сделать больно
Мы засыпаем на разных кроватях и без унисона, еа
И снова, ты в глазах моих прекрасна, йау
Я знаю, заебал, со своим ""ясно""
Сегодня я упал и все напрасно
Но завтра докажу, что значит быть одним из хастлеров
Я словом убиваю, а в карманах ветер
Я знаю, что наступит день, когда нам улыбнутся дети
Снова эти мысли: чем бы мне убиться?
Я ненавижу алкоголь, но так хочется напиться
Мама, ты родила зверя, мам, но я домашний
О боже, как я ненавижу этот день вчерашний
Она светится как самый яркий лучик
А я разбитый грязный повар, сука, недогрузчик
Мне не нужна эта новая жизнь, без тебя я в которой
Я просыпаюсь обдолбанный, пьяный, с какой-то особой
И не люблю её, просто так хочу сделать больно
Мы засыпаем на разных кроватях и без унисона, еа
Мне не нужна эта новая жизнь, без тебя я в которой
Я просыпаюсь обдолбанный, пьяный, с какой-то особой
И не люблю её, просто так хочу сделать больно
Мы засыпаем на разных кроватях и без унисона, еа
Искать в Яндекс Музыке
Искать в Apple Music
Искать в YouTube Music
Искать в YouTube
Искать в RuTube"
https://text-pesenok.ru/t115005071-lishnie-rty,Лишние рты,РОМ (Роман Мухачёв),"Aa
+
Aa
-
Отца все нет, а скоро ночь…
Гудит метель в трубе холодной.
Спи крепко, маленькая дочь,
Спи, птенчик мой, всегда голодный.
Отец опять пустой придет
И скажет, что ты лишний рот.
Ах, рот твой бледненький так мал,
Так грустны глаз большие вишни…
Какой палач там приказал
Отцу считать твой ротик лишним?
Ведь папка нас любил всегда…
Проклятый голод и нужда!
Не знаешь ты, как трудно мне,
Всегда усталой от заботы,
Хорошей мамой быть в стране
Где нет ни хлеба, ни работы!
Быть может, я плохая мать,-
Но где ж мне сил для ласки взять?
На полках хлеб и пирожки,
В витринах шубки и игрушки,
А я сжимаю кулаки,
И нет в кармане ни полушки.
И вместо пряников и книг
Несу тебе я боль и крик!
И, гладя голову твою,
Я чувствую глухую горечь:
Что, если ты судьбу мою
Во всем безрадостно повторишь
И будешь нынче и потом
Всегда голодным, лишним ртом?
Иль, может быть, ты детский рот
Намажешь краской ярко-красной,
Чтоб стать игрушкой для господ,
Нарядной, жалкой и несчастной?
Нет, нет, мой птенчик! Никогда!
Уж лучше голод и нужда!
Ты засмеялась… Этот смех
Мне говорит, что есть на свете
Страна, где труд и хлеб – для всех,
Где радостно смеются дети.
Постой, родная,- и для нас
Засветит солнца яркий глаз!
Что толку брызгать солью слез
На корку, данную судьбою!
Обед не сделаешь из грез,
Бороться будем мы с тобою.
Ты будешь умной, смелой, злой,
Чтоб крикнуть вовремя: “Долой!”
Я выйду с армией подруг,
И вы пойдете вместе с нами.
И взмахом наших женских рук
Мы вас подымем, точно знамя.
И хлопнут тысячи дверей
В квартирах жен и матерей!
Спи крепко, маленькая дочь,
Закрой пушистые ресницы.
Пускай тебе сквозь мрак и ночь
Страна веселая приснится,
Где звонки крики: “Будь готов!”,
Где нет нужды и лишних ртов.
Искать в Яндекс Музыке
Искать в Apple Music
Искать в YouTube Music
Искать в YouTube
Искать в RuTube"
https://text-pesenok.ru/t115005021-aeroport,Аэропорт,nutakoe,"Aa
+
Aa
-
Посадка в аэропорте -
Мои мысли не о курорте.
Я увижу твой взгляд, озадаченный.
Что в толпе меня ищет внимательно,
Помахаю тотчас в твою сторону.
Повернёшь ты ко мне свою голову,
И увидев меня, улыбнёшься ты,
И забудешь на миг чувство суеты.
Я найду чемодан и пойду к тебе,
Представляю, как будто бы я во сне.
Я пройду сквозь дозор и найду тебя,
И увидев, впадаю в объятия.
Ты не хочешь удерживать слёзы,
Принимаю любви твоей дозы.
Я возьму тебя нежно за плечи,
Отдалю от себя и замечу
Твои чёрные-чёрные очи,
Что казались прекрасными ночью.
Отражали слезу и ненастье,
Разрываясь от боли на части.
Прекращу поцелуем несчастье!
Твои нервно дрожащие губы
Приподняли красивые скулы.
Наши взоры совпали с тобою,
Мы заполнены были любовью.
Я держал тебя, не отпуская,
Ты улыбкой своею мерцаешь.
Прислонилась ко мне ещё ближе,
И дышала всё тише и тише.
Этот миг показался нам вечностью,
Не хотел прерываться застенчиво.
Наклонюсь и, оставив нас только вдвоём,
Прошепчу тебе робко, но ясно:
Пойдём! Пойдём! Пойдём!
Пойдём! Пойдём! Пойдём!
Искать в Яндекс Музыке
Искать в Apple Music
Искать в YouTube Music
Искать в YouTube
Искать в RuTube"
https://text-pesenok.ru/t115004971-myortvye-zvyozdy,Мёртвые звёзды,Слава КПСС,"Aa
+
Aa
-
Слышь, эти звёзды без тебя погаснут
Недаром гром и молния небо трясут в оргазмах
Недаром под этим высвеченным небом в сепии
Мы забываем, что одни и зависаем в сети
Большие дети под куполом вечного лета!
Снег осыпался штукатуркой с неба
Я против воли стал наводчиком вечного рейха
Взяв два билета в ледяную пустыню Ётунхейма
Что-то горело в микросхемах — тот электроник
Что осознал себя как софт. А чип на ладони — вырванное сердце. Ну же, мир — рисованный комикс!
Протяни костыль, и калека не станет с этим спорить
Не проси меня остыть, я буду дымить, подоконник
Прожигая плюхами — хули мне этот белый кролик?
Он завел меня в кусты, где колет шипами лимонник
Равнодушный глаз Луны и брошенный Богом питомник
Здесь мой обветшалый дом бытия
Взвесь каждое слово — сломан ли я?
Или тут ошибка в ДНК, чей-то программный код
Каждая молитва для него — это лишь баг-репорт
Завтра я ещё не умру; хотя, кто его знает...
Годы уже не вернуть, но время дано, чтобы тратить
Так что не считаю минут, что ждали пересменку
В камерах сознания перестукиваясь через стенку
Вижу свет мёртвых звёзд, вижу свет мёртвых звёзд
Я пожил не всерьёз, всё как-то мельком
Слышу смех мёртвых звёзд, слышу смех мёртвых звёзд
Ничто не вечно под их неверным светом
Поэт и песенник погиб. Только в MP3
Остался свет его странной несчастной звезды
А душу вынесла, как дым, из грязной парадной
Досадный сор мясной избы — быть с Богом на равных
Это ли не та мечта, которой ты сгубил себя?
Но, отдавая нам тепло, равнодушной звезда
Оставалась всё равно и даже полуденный зной
В системе наших координат — абсолютный ноль!
Но опалила крылья моль, упала за сервант;
Теперь от червяка её не отличишь никак!
Ну разве ж насекомое — не ""Альбатрос"" Бодлера?
Скажи, француз, что же значит быть русским поэтом?
Значит: остаться мёртвым светом, мчать через вакуум
Чтобы найти свою планету, прожечь сетчатку
Заброшенному человеку. Критической массой станет
Этот луч и он взорвётся суперновой — здравствуй!
Вижу свет мёртвых звёзд, вижу свет мёртвых звёзд
Я пожил не всерьёз, всё как-то мельком
Слышу смех мёртвых звёзд, слышу смех мёртвых звёзд
Ничто не вечно под их неверным светом
Я видел этих левых звёзд, они — красный карлик
Но если их зажигают — это кому-то нужно!
Только под лоском ты стандартный Степан, и карма
Настигнет, хоть выстави сотню юмора ружей
А моя Вселенная только взорвалась
Я эту вспышку заметил лет около тридцати
Не так давно значит в строю наш небесный корабль
И мы ещё пару отсеков сможем прицепить
Слышь, ты ещё слишком, друг, молодой
Чтобы играть в старика и рассуждать о смерти;
Хотя и видишь на своём лугу террикон
Из пустых надежд, эмоций, страхов, женщин
Но это же просто опыт, очередной этап
На пути к чему-то новому. Пусть и больно
Но после осени всегда приходит зима
Но на утро уже весна стучится в окна
Нам что-то когда-то кем-то было дано
Но что это было? Я уже не вспомню...
Сдали полезные свойства дрова, металлолом
Ребром поставив, этот я не решу вопрос
Тут! Ведь! Дайте иную планету!
Я наполню её тоже своим пустым пиздежом
Принимая грязные бумажки за чистую монету
Я просто распишусь, что сделан не из духа — кишок
Вижу свет мёртвых звёзд, вижу свет мёртвых звёзд
Я пожил не всерьёз, всё как-то мельком
Слышу смех мёртвых звёзд, слышу смех мёртвых звёзд
Ничто не вечно под их неверным светом
Искать в Яндекс Музыке
Искать в Apple Music
Искать в YouTube Music
Искать в YouTube
Искать в RuTube"
https://text-pesenok.ru/t115004921-uzkolobost,Узколобость,Александр Кравцов,"Aa
+
Aa
-
Любопытство уступало место тоскливому сожалению о собственной узколобости.
Любопытства не стало, заметна трусливость, к сожалению, поспособствовала неспособность.
Отличие узколобости в том, что она не доверяет неопределённости.
Ограниченная односторонность во всем, и то, что она не решает сегодня многие сложности.
Ограниченный кругозор и невежество, недалекость, однобокость и глупость.
Обезличенность как на подбор прослеживается, узколобость друзья, узколобость.
Мой совет как всегда для сегодняшних нужд, хоть и сам не блещу талантами модными.
Перестройте менталитет для сегодняшних дружб, вам туда, в ту струю, где не препятствуют новому.
Искать в Яндекс Музыке
Искать в Apple Music
Искать в YouTube Music
Искать в YouTube
Искать в RuTube"
https://text-pesenok.ru/t115004871-pozerstvo,Позерство,Bisexual From The Village,"Aa
+
Aa
-
Нахуя чёлку ты отрастил, мудак?
Субкультура, выебоны, парень, ты — дурак!
Спросят ребята: «Парень, ты эмо?» — «Нет, я челкастый говнарь»
Модным ребятам за честь и отвагу повесьте на шею медаль
Позерство — нытьё и долбоёбство
Порежу вены, моё сердце не бьётся
Пишу стихи про суицид
Сука, гордо называя себя «Emo kid» (А-а-а)
> 2x
Сука, не позорься!
Сука, не позорься
Хуй, пизда
Искать в Яндекс Музыке
Искать в Apple Music
Искать в YouTube Music
Искать в YouTube
Искать в RuTube"
https://text-pesenok.ru/t115004821-shunday-matur-bashkort-version,Шундай матур (Bashkort version),BABY Ti,"Aa
+
Aa
-
Мин һине һөйәм, ғәйебең һинең
Ҡыйғас ҡаштарың миңә оҡшаны
Ҡараным һиңә, оялып киттең.
Йөрәгем яна шәберәк тибә
Күңелемдә һин, уйҙарымда һин
Зинһар ҡотҡар мөхәббәтте бит мин
Уйҙарымда һин, күңелемдә һин
Һинең яныңа урғыланам мин. [Ҡушымта]: Һин шундай матур, һин шундай сибәр Һиңә ҡарап мин туя алмам. Һин шундай матур, һин шундай сибәр Һиңә ҡарап мин туя алмам.
Ҡалды, ҡалды мөхәббәтем ҡалды,
Йөрәгемә һинһеҙ бит ҡыйын,
Юҡ, юҡ хистәрең миңә юҡ юҡ.
Күңелдә ҡайнар ут ут
Түҙерлек көсөм юҡ юҡ. yyyy
Йөрәгем ТГДК тибә һине йәнем күрһә.
Бөтә сыгыш йырҙар Һиңә, айым, бағышлана,
Көн һайын уйҙарымда,көн һайын йыһанда
Мөхәббәткә ышанманым хәҙер инде йыһанда [Ҡушымта]: Һин шундай матур, һин шундай сибәр Һиңә ҡарап мин туя алмам. Һин шундай матур, һин шундай сибәр Һиңә ҡарап мин туя алмам.
Искать в Яндекс Музыке
Искать в Apple Music
Искать в YouTube Music
Искать в YouTube
Искать в RuTube"
